{
  "auc_roc": 0.7220191342526316,
  "precision_at_3": 0.3963027151935297,
  "recall_at_3": 0.8835726665016093,
  "ndcg_at_5": 0.6756918476316369,
  "targets_met": 1
}