{
  "auc_roc": 0.7219508679511433,
  "precision_at_3": 0.39613765783609806,
  "recall_at_3": 0.883201287447388,
  "ndcg_at_5": 0.6756405872744145,
  "targets_met": 1
}