{
  "logistic": {
    "validation": {
      "precision": 0.2505556651542053,
      "recall": 0.5000918755742223,
      "f1": 0.3338473670375887,
      "roc_auc": 0.5007915206443312
    },
    "test": {
      "precision": 0.2542387561984366,
      "recall": 0.24679446756631773,
      "f1": 0.25046130873020106,
      "roc_auc": 0.50231680442142
    }
  },
  "random_forest": {
    "validation": {
      "precision": 0.2857142857142857,
      "recall": 0.0003150019687623048,
      "f1": 0.0006293101187822849,
      "roc_auc": 0.5005508816512071
    },
    "test": {
      "precision": 0.281767955801105,
      "recall": 0.001072014125362593,
      "f1": 0.002135901999790598,
      "roc_auc": 0.5005004360800694
    }
  },
  "naive_bayes": {
    "validation": {
      "precision": 0.21428571428571427,
      "recall": 7.87504921905762e-05,
      "f1": 0.00015744312367157364,
      "roc_auc": 0.500936569004089
    },
    "test": {
      "precision": 0.25,
      "recall": 0.0001261193088661874,
      "f1": 0.00025211143325349803,
      "roc_auc": 0.5021682483094909
    }
  },
  "neural_network": {
    "validation": {
      "precision": 0.0,
      "recall": 0.0,
      "f1": 0.0,
      "roc_auc": 0.500902349187935
    },
    "test": {
      "precision": 0.0,
      "recall": 0.0,
      "f1": 0.0,
      "roc_auc": 0.5020468405934234
    }
  }
}