{
  "logistic": {
    "validation": {
      "precision": 0.2500616083896936,
      "recall": 0.4794592466202914,
      "f1": 0.3286934144344368,
      "roc_auc": 0.5006432918019772
    },
    "test": {
      "precision": 0.25125937137856824,
      "recall": 0.22331525623239584,
      "f1": 0.23646460487218582,
      "roc_auc": 0.5018107525698405
    }
  },
  "random_forest": {
    "validation": {
      "precision": 0.23809523809523808,
      "recall": 0.000262501640635254,
      "f1": 0.0005244250989852375,
      "roc_auc": 0.5000277658159662
    },
    "test": {
      "precision": 0.3161290322580645,
      "recall": 0.0010299743557405305,
      "f1": 0.0020532590249114796,
      "roc_auc": 0.49943405418999187
    }
  },
  "naive_bayes": {
    "validation": {
      "precision": 0.21428571428571427,
      "recall": 7.87504921905762e-05,
      "f1": 0.00015744312367157364,
      "roc_auc": 0.5008452637447646
    },
    "test": {
      "precision": 0.25,
      "recall": 0.0001261193088661874,
      "f1": 0.00025211143325349803,
      "roc_auc": 0.5023842170093735
    }
  },
  "neural_network": {
    "validation": {
      "precision": 0.0,
      "recall": 0.0,
      "f1": 0.0,
      "roc_auc": 0.4966171169466875
    },
    "test": {
      "precision": 0.0,
      "recall": 0.0,
      "f1": 0.0,
      "roc_auc": 0.5021657140693957
    }
  }
}